Category,Uber,Lyft
Collisions,9.204284478,17.91602899
Assaults and Harassments,0.977935798,27.42086175
DUI Complaints,4.534687672,11.68305502
Citations,4.793937022,9.441477262
