Category,Uber,Lyft
"Collisions",9.204284478,17.91602899
"Assaults and Harassments",0.85856919,27.42086175
"DUI Complaints",0.977935798,1.333482329
"Citations",0.27665698,0.291133585
